{
  "original_json": "results/text_probing_chartqa/phase2_text_probing_results.json",
  "control_json": "results/text_probing_chartqa_blind_random/phase2_text_probing_results.json",
  "original_image_mode": "original",
  "control_image_mode": "blind_randomimage",
  "post_start": 24,
  "n_boot": 10000,
  "seed": 42,
  "targets": {
    "visual_token": {
      "num_layers": 48,
      "delta_by_layer": [
        -0.23777777777777775,
        -0.23555555555555552,
        -0.3155555555555556,
        -0.21111111111111114,
        -0.21111111111111114,
        -0.1711111111111111,
        -0.15111111111111108,
        -0.12888888888888894,
        -0.10222222222222221,
        -0.10222222222222221,
        -0.10222222222222221,
        -0.16666666666666663,
        -0.18666666666666665,
        -0.27555555555555555,
        -0.17111111111111116,
        -0.13111111111111118,
        -0.08444444444444449,
        -0.14666666666666667,
        -0.12666666666666676,
        -0.14666666666666672,
        -0.14888888888888896,
        -0.15111111111111108,
        -0.19555555555555554,
        -0.12888888888888883,
        -0.18888888888888894,
        -0.21555555555555544,
        -0.17111111111111105,
        -0.08888888888888896,
        -0.22888888888888897,
        -0.1688888888888888,
        -0.14666666666666672,
        -0.18888888888888888,
        -0.2533333333333332,
        -0.2533333333333332,
        -0.17333333333333334,
        -0.12444444444444452,
        -0.08444444444444443,
        -0.14666666666666667,
        -0.06888888888888883,
        -0.10888888888888881,
        -0.14666666666666667,
        -0.06666666666666671,
        -0.2333333333333334,
        -0.12888888888888894,
        -0.1044444444444444,
        -0.06444444444444458,
        -0.14444444444444454,
        -0.14888888888888885
      ],
      "delta_mean_all_layers": -0.1599537037037037,
      "delta_mean_post": -0.15203703703703705,
      "delta_post_ci95_low": -0.17509490740740746,
      "delta_post_ci95_high": -0.12944444444444447,
      "delta_post_bootstrap_p_gt0": 0.0,
      "delta_layer46": -0.14444444444444454,
      "delta_layer44": -0.1044444444444444
    },
    "text_instruction_token": {
      "num_layers": 48,
      "delta_by_layer": [
        0.022222222222222254,
        0.03555555555555545,
        0.039999999999999925,
        -0.0444444444444444,
        -0.040000000000000036,
        -0.020000000000000018,
        -0.039999999999999925,
        -0.020000000000000018,
        0.020000000000000018,
        -0.06000000000000005,
        -0.020000000000000018,
        -0.020000000000000018,
        -0.0644444444444443,
        -0.0444444444444444,
        -0.10666666666666669,
        0.039999999999999925,
        -0.019999999999999907,
        -0.020000000000000018,
        -0.0022222222222222365,
        -0.02444444444444449,
        0.04222222222222227,
        0.04222222222222216,
        -0.020000000000000018,
        0.0022222222222221255,
        0.08444444444444454,
        0.06666666666666665,
        0.1066666666666668,
        0.06444444444444453,
        0.1066666666666668,
        0.12444444444444447,
        0.10444444444444445,
        0.12444444444444447,
        0.16666666666666685,
        0.1444444444444445,
        0.14666666666666672,
        0.18666666666666665,
        0.1466666666666666,
        0.19111111111111112,
        0.12444444444444425,
        0.14444444444444438,
        0.1644444444444444,
        0.1644444444444444,
        0.18444444444444452,
        0.22444444444444434,
        0.1844444444444443,
        0.18444444444444452,
        0.1844444444444444,
        0.1844444444444443
      ],
      "delta_mean_all_layers": 0.06638888888888889,
      "delta_mean_post": 0.1462037037037037,
      "delta_post_ci95_low": 0.1290740740740741,
      "delta_post_ci95_high": 0.16268518518518515,
      "delta_post_bootstrap_p_gt0": 1.0,
      "delta_layer46": 0.1844444444444444,
      "delta_layer44": 0.1844444444444443
    },
    "answer_token": {
      "num_layers": 48,
      "delta_by_layer": [
        -0.231111111111111,
        -0.182222222222222,
        -0.14,
        -0.11999999999999988,
        0.004444444444444251,
        -0.03777777777777791,
        -0.07999999999999996,
        -0.09999999999999987,
        -0.06000000000000005,
        -0.03777777777777769,
        0.022222222222222254,
        0.02444444444444449,
        -0.05555555555555547,
        -0.05555555555555547,
        -0.05555555555555536,
        -0.03555555555555534,
        -0.015555555555555434,
        -0.05555555555555547,
        -0.03555555555555545,
        -0.0955555555555554,
        -0.08000000000000007,
        -0.14444444444444438,
        -0.14666666666666672,
        -0.16666666666666663,
        -0.1266666666666667,
        -0.10444444444444445,
        0.0,
        -0.1022222222222221,
        -0.1466666666666666,
        -0.06222222222222207,
        -0.18888888888888888,
        -0.21111111111111114,
        -0.1444444444444445,
        -0.09111111111111103,
        -0.004444444444444251,
        -0.0644444444444443,
        -0.0888888888888888,
        -0.046666666666666634,
        -0.046666666666666745,
        0.0377777777777778,
        0.0377777777777778,
        -0.026666666666666616,
        -0.026666666666666727,
        0.03777777777777791,
        0.05777777777777793,
        0.08000000000000007,
        0.06000000000000005,
        0.08000000000000007
      ],
      "delta_mean_all_layers": -0.0618981481481481,
      "delta_mean_post": -0.045462962962962906,
      "delta_post_ci95_low": -0.07972453703703702,
      "delta_post_ci95_high": -0.012685185185185138,
      "delta_post_bootstrap_p_gt0": 0.0034,
      "delta_layer46": 0.06000000000000005,
      "delta_layer44": 0.05777777777777793
    }
  }
}