{
  "hard_baseline_accuracy": 0.6666666666666666,
  "easy_baseline_accuracy": 0.8,
  "truncation_layers": [
    0,
    4,
    8,
    12,
    16,
    20,
    24,
    28,
    32,
    36,
    40,
    44
  ],
  "hard_accuracy": [
    0.2,
    0.2,
    0.2,
    0.2,
    0.2,
    0.2,
    0.2,
    0.23333333333333334,
    0.26666666666666666,
    0.23333333333333334,
    0.6,
    0.7333333333333333
  ],
  "easy_accuracy": [
    0.23333333333333334,
    0.23333333333333334,
    0.16666666666666666,
    0.2,
    0.23333333333333334,
    0.26666666666666666,
    0.3,
    0.3333333333333333,
    0.3333333333333333,
    0.26666666666666666,
    0.7,
    0.8
  ],
  "hard_accuracy_drops": {
    "0": 0.4666666666666666,
    "4": 0.4666666666666666,
    "8": 0.4666666666666666,
    "12": 0.4666666666666666,
    "16": 0.4666666666666666,
    "20": 0.4666666666666666,
    "24": 0.4666666666666666,
    "28": 0.4333333333333333,
    "32": 0.39999999999999997,
    "36": 0.4333333333333333,
    "40": 0.06666666666666665,
    "44": -0.06666666666666665
  },
  "easy_accuracy_drops": {
    "0": 0.5666666666666667,
    "4": 0.5666666666666667,
    "8": 0.6333333333333334,
    "12": 0.6000000000000001,
    "16": 0.5666666666666667,
    "20": 0.5333333333333334,
    "24": 0.5,
    "28": 0.46666666666666673,
    "32": 0.46666666666666673,
    "36": 0.5333333333333334,
    "40": 0.10000000000000009,
    "44": 0.0
  },
  "cliff_boundary": 23
}